text,label
This is amazing,positive
Terrible product,negative
Would not recommend,negative
Poor quality and bad service,negative
Poor quality and bad service,negative
Completely useless,negative
Great quality and fast delivery,positive
Perfect! Couldn’t be happier,positive
I love this product,positive
Worst experience ever,negative
Very disappointed,negative
Broke after one use,negative
Completely useless,negative
Completely useless,negative
Terrible product,negative
Superb quality and service,positive
Would not recommend,negative
I love this product,positive
Five stars experience,positive
Absolutely fantastic item,positive
Highly recommend to everyone,positive
Great quality and fast delivery,positive
Highly recommend to everyone,positive
Highly recommend to everyone,positive
This is amazing,positive
Completely useless,negative
Item not as described,negative
Worst experience ever,negative
Five stars experience,positive
Completely useless,negative
Terrible product,negative
Extremely satisfied with the purchase,positive
This is amazing,positive
Waste of money,negative
Item not as described,negative
Superb quality and service,positive
Worst experience ever,negative
Extremely satisfied with the purchase,positive
Great quality and fast delivery,positive
Item not as described,negative
Broke after one use,negative
Highly recommend to everyone,positive
Terrible product,negative
Worst experience ever,negative
Works better than expected,positive
Completely useless,negative
This is amazing,positive
Worst experience ever,negative
Broke after one use,negative
I love this product,positive
Cheap and flimsy,negative
Would not recommend,negative
Completely useless,negative
Terrible product,negative
Terrible product,negative
Would not recommend,negative
Very disappointed,negative
Broke after one use,negative
Extremely satisfied with the purchase,positive
Worst experience ever,negative
Great quality and fast delivery,positive
Works better than expected,positive
Item not as described,negative
Perfect! Couldn’t be happier,positive
Completely useless,negative
Poor quality and bad service,negative
Works better than expected,positive
Superb quality and service,positive
Cheap and flimsy,negative
Five stars experience,positive
Completely useless,negative
Poor quality and bad service,negative
Worst experience ever,negative
Waste of money,negative
Would not recommend,negative
Would not recommend,negative
Would not recommend,negative
Great quality and fast delivery,positive
This is amazing,positive
Highly recommend to everyone,positive
Extremely satisfied with the purchase,positive
Superb quality and service,positive
Superb quality and service,positive
Poor quality and bad service,negative
Works better than expected,positive
Waste of money,negative
Would not recommend,negative
Absolutely fantastic item,positive
Waste of money,negative
Extremely satisfied with the purchase,positive
Superb quality and service,positive
Terrible product,negative
Cheap and flimsy,negative
Completely useless,negative
Would not recommend,negative
Very disappointed,negative
Five stars experience,positive
Broke after one use,negative
Waste of money,negative
Would not recommend,negative
Terrible product,negative
Broke after one use,negative
Item not as described,negative
I love this product,positive
Item not as described,negative
Superb quality and service,positive
Broke after one use,negative
Cheap and flimsy,negative
This is amazing,positive
I love this product,positive
This is amazing,positive
Great quality and fast delivery,positive
Works better than expected,positive
Worst experience ever,negative
Works better than expected,positive
Perfect! Couldn’t be happier,positive
Worst experience ever,negative
Cheap and flimsy,negative
I love this product,positive
Very disappointed,negative
Works better than expected,positive
Terrible product,negative
Worst experience ever,negative
Very disappointed,negative
Item not as described,negative
Works better than expected,positive
Terrible product,negative
Works better than expected,positive
Terrible product,negative
Worst experience ever,negative
Cheap and flimsy,negative
Superb quality and service,positive
Perfect! Couldn’t be happier,positive
Superb quality and service,positive
Perfect! Couldn’t be happier,positive
Extremely satisfied with the purchase,positive
Very disappointed,negative
This is amazing,positive
Extremely satisfied with the purchase,positive
Worst experience ever,negative
Completely useless,negative
Very disappointed,negative
Absolutely fantastic item,positive
Highly recommend to everyone,positive
Would not recommend,negative
Terrible product,negative
This is amazing,positive
Works better than expected,positive
Completely useless,negative
Great quality and fast delivery,positive
Cheap and flimsy,negative
Completely useless,negative
Absolutely fantastic item,positive
This is amazing,positive
I love this product,positive
Perfect! Couldn’t be happier,positive
Cheap and flimsy,negative
Superb quality and service,positive
Absolutely fantastic item,positive
Broke after one use,negative
Extremely satisfied with the purchase,positive
Completely useless,negative
I love this product,positive
Perfect! Couldn’t be happier,positive
Item not as described,negative
This is amazing,positive
Poor quality and bad service,negative
Absolutely fantastic item,positive
Completely useless,negative
Perfect! Couldn’t be happier,positive
Would not recommend,negative
Worst experience ever,negative
I love this product,positive
Perfect! Couldn’t be happier,positive
Five stars experience,positive
I love this product,positive
Perfect! Couldn’t be happier,positive
Five stars experience,positive
This is amazing,positive
Item not as described,negative
Terrible product,negative
Cheap and flimsy,negative
Very disappointed,negative
Completely useless,negative
This is amazing,positive
Superb quality and service,positive
Item not as described,negative
Works better than expected,positive
Terrible product,negative
Perfect! Couldn’t be happier,positive
Would not recommend,negative
Completely useless,negative
Highly recommend to everyone,positive
Highly recommend to everyone,positive
Very disappointed,negative
Works better than expected,positive
I love this product,positive
Broke after one use,negative
Item not as described,negative
Item not as described,negative
Five stars experience,positive
Highly recommend to everyone,positive
Works better than expected,positive
Terrible product,negative
Works better than expected,positive
Absolutely fantastic item,positive
Waste of money,negative
Broke after one use,negative
Cheap and flimsy,negative
Superb quality and service,positive
I love this product,positive
Completely useless,negative
Very disappointed,negative
Great quality and fast delivery,positive
Absolutely fantastic item,positive
Superb quality and service,positive
Poor quality and bad service,negative
Would not recommend,negative
Completely useless,negative
Item not as described,negative
Highly recommend to everyone,positive
Item not as described,negative
Great quality and fast delivery,positive
Item not as described,negative
Works better than expected,positive
Works better than expected,positive
This is amazing,positive
Very disappointed,negative
Great quality and fast delivery,positive
This is amazing,positive
Great quality and fast delivery,positive
Completely useless,negative
Highly recommend to everyone,positive
Broke after one use,negative
Poor quality and bad service,negative
Five stars experience,positive
This is amazing,positive
Extremely satisfied with the purchase,positive
Five stars experience,positive
Waste of money,negative
This is amazing,positive
Extremely satisfied with the purchase,positive
Cheap and flimsy,negative
Completely useless,negative
Absolutely fantastic item,positive
Poor quality and bad service,negative
Waste of money,negative
Works better than expected,positive
Would not recommend,negative
Poor quality and bad service,negative
Poor quality and bad service,negative
Works better than expected,positive
Works better than expected,positive
Works better than expected,positive
Highly recommend to everyone,positive
Great quality and fast delivery,positive
Cheap and flimsy,negative
Absolutely fantastic item,positive
Absolutely fantastic item,positive
Broke after one use,negative
Perfect! Couldn’t be happier,positive
Very disappointed,negative
Cheap and flimsy,negative
This is amazing,positive
Terrible product,negative
Broke after one use,negative
Absolutely fantastic item,positive
Item not as described,negative
Superb quality and service,positive
Cheap and flimsy,negative
Highly recommend to everyone,positive
Poor quality and bad service,negative
Very disappointed,negative
Broke after one use,negative
Terrible product,negative
Worst experience ever,negative
Highly recommend to everyone,positive
Extremely satisfied with the purchase,positive
Waste of money,negative
Broke after one use,negative
This is amazing,positive
Very disappointed,negative
Terrible product,negative
Extremely satisfied with the purchase,positive
Very disappointed,negative
Extremely satisfied with the purchase,positive
Poor quality and bad service,negative
Waste of money,negative
Poor quality and bad service,negative
Superb quality and service,positive
Five stars experience,positive
Poor quality and bad service,negative
Perfect! Couldn’t be happier,positive
Broke after one use,negative
Five stars experience,positive
Perfect! Couldn’t be happier,positive
Works better than expected,positive
I love this product,positive
Very disappointed,negative
Five stars experience,positive
Superb quality and service,positive
Superb quality and service,positive
Five stars experience,positive
Extremely satisfied with the purchase,positive
Works better than expected,positive
Waste of money,negative
Item not as described,negative
Item not as described,negative
Item not as described,negative
This is amazing,positive
This is amazing,positive
Great quality and fast delivery,positive
Terrible product,negative
This is amazing,positive
Great quality and fast delivery,positive
Broke after one use,negative
Extremely satisfied with the purchase,positive
Worst experience ever,negative
Perfect! Couldn’t be happier,positive
Highly recommend to everyone,positive
Worst experience ever,negative
Item not as described,negative
This is amazing,positive
Superb quality and service,positive
Superb quality and service,positive
Great quality and fast delivery,positive
This is amazing,positive
Very disappointed,negative
Broke after one use,negative
Absolutely fantastic item,positive
Completely useless,negative
I love this product,positive
Works better than expected,positive
Great quality and fast delivery,positive
I love this product,positive
Would not recommend,negative
Highly recommend to everyone,positive
Terrible product,negative
I love this product,positive
Superb quality and service,positive
Superb quality and service,positive
Works better than expected,positive
Superb quality and service,positive
Superb quality and service,positive
Waste of money,negative
Waste of money,negative
I love this product,positive
Waste of money,negative
Perfect! Couldn’t be happier,positive
Perfect! Couldn’t be happier,positive
Cheap and flimsy,negative
Very disappointed,negative
Absolutely fantastic item,positive
Five stars experience,positive
Completely useless,negative
Works better than expected,positive
Absolutely fantastic item,positive
Works better than expected,positive
Superb quality and service,positive
Perfect! Couldn’t be happier,positive
Extremely satisfied with the purchase,positive
Waste of money,negative
Very disappointed,negative
Cheap and flimsy,negative
Works better than expected,positive
Superb quality and service,positive
Great quality and fast delivery,positive
Great quality and fast delivery,positive
Worst experience ever,negative
Poor quality and bad service,negative
Works better than expected,positive
Waste of money,negative
Terrible product,negative
Works better than expected,positive
Cheap and flimsy,negative
Very disappointed,negative
Completely useless,negative
Highly recommend to everyone,positive
Poor quality and bad service,negative
Works better than expected,positive
Cheap and flimsy,negative
Would not recommend,negative
I love this product,positive
Broke after one use,negative
Worst experience ever,negative
This is amazing,positive
Absolutely fantastic item,positive
Extremely satisfied with the purchase,positive
Superb quality and service,positive
Great quality and fast delivery,positive
Worst experience ever,negative
Works better than expected,positive
Waste of money,negative
Waste of money,negative
Extremely satisfied with the purchase,positive
Waste of money,negative
Works better than expected,positive
Absolutely fantastic item,positive
Five stars experience,positive
Terrible product,negative
Perfect! Couldn’t be happier,positive
Completely useless,negative
Worst experience ever,negative
Very disappointed,negative
Would not recommend,negative
Superb quality and service,positive
Very disappointed,negative
Worst experience ever,negative
This is amazing,positive
Terrible product,negative
Broke after one use,negative
Very disappointed,negative
Item not as described,negative
Poor quality and bad service,negative
Works better than expected,positive
Completely useless,negative
Item not as described,negative
Works better than expected,positive
Would not recommend,negative
Poor quality and bad service,negative
Poor quality and bad service,negative
Item not as described,negative
Five stars experience,positive
Five stars experience,positive
Highly recommend to everyone,positive
Poor quality and bad service,negative
Terrible product,negative
This is amazing,positive
Perfect! Couldn’t be happier,positive
Waste of money,negative
Superb quality and service,positive
This is amazing,positive
Completely useless,negative
Item not as described,negative
Very disappointed,negative
Highly recommend to everyone,positive
Great quality and fast delivery,positive
Waste of money,negative
Five stars experience,positive
Extremely satisfied with the purchase,positive
Cheap and flimsy,negative
Cheap and flimsy,negative
Terrible product,negative
Superb quality and service,positive
Perfect! Couldn’t be happier,positive
Would not recommend,negative
Worst experience ever,negative
I love this product,positive
I love this product,positive
Very disappointed,negative
Completely useless,negative
Great quality and fast delivery,positive
Great quality and fast delivery,positive
Would not recommend,negative
This is amazing,positive
Cheap and flimsy,negative
Worst experience ever,negative
Cheap and flimsy,negative
Item not as described,negative
Broke after one use,negative
Terrible product,negative
Absolutely fantastic item,positive
Works better than expected,positive
Extremely satisfied with the purchase,positive
Very disappointed,negative
Perfect! Couldn’t be happier,positive
Broke after one use,negative
Absolutely fantastic item,positive
Poor quality and bad service,negative
Terrible product,negative
Highly recommend to everyone,positive
Waste of money,negative
I love this product,positive
Cheap and flimsy,negative
Great quality and fast delivery,positive
Works better than expected,positive
Completely useless,negative
Highly recommend to everyone,positive
Poor quality and bad service,negative
Extremely satisfied with the purchase,positive
Great quality and fast delivery,positive
This is amazing,positive
Extremely satisfied with the purchase,positive
Extremely satisfied with the purchase,positive
Completely useless,negative
Cheap and flimsy,negative
I love this product,positive
I love this product,positive
Superb quality and service,positive
Item not as described,negative
Extremely satisfied with the purchase,positive
Would not recommend,negative
Would not recommend,negative
Five stars experience,positive
This is amazing,positive
Item not as described,negative
Terrible product,negative
Poor quality and bad service,negative
Extremely satisfied with the purchase,positive
Poor quality and bad service,negative
